{
  "version": 1,
  "author": "Natalia García Parra",
  "editor": "wokwi",
  "parts": [
    { "type": "wokwi-esp32-devkit-v1", "id": "esp", "top": -30.77, "left": -92.02, "attrs": {} },
    { "type": "wokwi-mpu6050", "id": "imu1", "top": 88.09, "left": 49.39, "attrs": {} },
    {
      "type": "wokwi-pushbutton",
      "id": "btn1",
      "top": 28.33,
      "left": -178.67,
      "attrs": { "color": "green" }
    }
  ],
  "connections": [
    [ "esp:TX0", "$serialMonitor:RX", "", [] ],
    [ "esp:RX0", "$serialMonitor:TX", "", [] ],
    [ "imu1:VCC", "esp:3V3", "red", [ "v-19.71", "h-91.97", "v2.49" ] ],
    [ "imu1:GND", "esp:GND.1", "black", [ "v-30.92", "h-91.09", "v7.47" ] ],
    [ "imu1:SCL", "esp:D22", "green", [ "v0" ] ],
    [ "imu1:SDA", "esp:D21", "green", [ "v0" ] ],
    [ "btn1:2.r", "esp:GND.2", "green", [ "h15.74", "v58.94" ] ],
    [ "btn1:1.r", "esp:D13", "green", [ "v0.07", "h19.59", "v66.82" ] ]
  ],
  "dependencies": {}
}